Target,ZAMS_16,ZAMS_50,ZAMS_84,Ni_mass_16,Ni_mass_50,Ni_mass_84,Radius_16,Radius_50,Radius_84,Beta_16,Beta_50,Beta_84,Energy_16,Energy_50,Energy_84,Mrate_16,Mrate_50,Mrate_84,peakr,peakrhost,volumefac
ZTF22abkhrkd,9.858165298411627,10.24380858001818,10.713297168342226,0.013508091789433314,0.014447827763371725,0.02377195335285296,9975.274831331872,11420.89143622478,13445.74530983136,3.2818915414836907,4.020021715278111,4.251201366744904,2.916445307396433,3.0821872891965745,3.1369062583702574,3.2738620293580336,3.4804365028741207,3.6563014074990776,-16.02,-16.02,63095734448.01917
ZTF22abtjefa,10.385892418292366,11.03453357228147,11.644443588148711,0.010641702008717495,0.013832615163195837,0.02465176216605217,4253.877255198584,5521.279845886748,6907.210548557126,1.8797619640320524,2.4502975428945297,2.677930062728977,1.2891820684178688,1.5238278709644697,5.395327900247807,3.1409572998869146,3.685322268125551,4.039637059448044,-15.06,-15.06,46558609352.296005
ZTF19abqrhvt,10.924719204870954,11.691581918868069,12.643368052020605,0.03405371679902079,0.0367197045322691,0.054104278916518755,6662.955654470058,11325.681800023753,13840.02606049433,2.6748477020187478,3.747353144553939,4.8858947588863835,9.866559064572625,11.818548595168396,17.98953738656369,1.842679742826499,2.0183278979269494,3.3669506243200265,-18.09,-18.09,63095734448.01917
ZTF19acewuwn,12.352928942676485,12.556045739842581,14.5268689062389,0.05479254351516089,0.056494993931542996,0.0649156865945403,5613.727597289881,9360.1815628107,10322.037630025505,0.7274933748357824,0.9288819394202725,1.0531527276300432,1.4822815209128308,1.6372029480403374,2.231746703436243,2.0,2.9175467295418818,3.0531191071237305,-16.96,-16.96,63095734448.01917
ZTF21aaqugxm,14.44736293793156,14.819667926674919,16.46403582425175,0.02374408571456763,0.02904488985917268,0.04975616269885462,9443.218182285444,11740.652643135461,13101.577380545328,0.7323310171862357,0.8484136935443862,2.7135274337697557,23.04156781583856,24.16209815411881,25.416601714354275,2.8916606886298646,3.0739920318703793,3.2768351432721743,-18.12,-18.12,63095734448.01917
ZTF24aaasazz,10.105686929454157,10.46730928171821,11.099114409284374,0.029615297854744572,0.033220430924805824,0.04250462605232766,7087.423820801382,7918.413475091619,11042.376107789018,0.5867741533799972,1.1165112427429835,2.692537849413929,2.2449386534113733,2.728825263522595,3.489971972281541,2.1851830572835045,2.4706379065012025,3.2818507325175084,-16.03,-16.03,63095734448.01917
ZTF20abyylgi,12.435125104128625,13.381518212304698,15.265336718118945,0.09979805358947141,0.1532966001973291,0.17126930675342994,8768.55320848264,11450.899158699136,12683.949834686622,3.4230098275100684,4.369547775693934,4.885365527911203,13.798498761386108,17.37503967745076,31.922778337169095,1.3167430101078719,1.6733259405420051,4.0940528327602825,-18.46,-18.46,63095734448.01917
ZTF24aagupsf,11.578463277076587,12.032909932129877,12.588731106106717,0.03832568870655933,0.04101262509242139,0.04692956470666944,2211.2529196166124,4850.3968032470175,7129.96270540993,2.041224378639125,4.254479636603239,4.804667794602559,8.304397765031498,9.155580616733639,10.431580082099472,2.2924377572805783,4.385875206668148,4.6963974440057985,-17.47,-17.47,63095734448.01917
ZTF21aanzcuj,12.723452409973163,13.07757568922298,13.378109135943024,0.02625879130148866,0.03425687878288685,0.0570068854786476,4541.652806123102,6672.554942674712,9277.370856308173,3.4542701039090264,3.958139099382308,4.452189249716522,3.53000221806434,5.307030276842279,6.549999898425046,2.4145017782242495,3.0235265664231066,3.9892521513910886,-16.69,-16.69,63095734448.01917
ZTF20acveadu,9.936160594479247,10.307805225282616,10.586238621792424,0.0017363270285954207,0.00472726734482819,0.030055020627508956,5916.455352212751,8132.457964429919,11507.881074821495,2.5573987324265834,3.4193814808726444,4.055656279307385,3.9970131080847056,4.144234446676469,6.552706273781717,3.4277981626986564,3.955308366015939,4.235216030930869,-16.4,-16.58,63095734448.01917
ZTF19aamwhat,9.919143230020072,10.511532941126884,11.240974047815115,0.008178051751486556,0.010526171391761423,0.02499120629261454,4420.776639503654,6737.517086960249,8650.023158612416,1.663663213658477,2.3881147948968753,3.362315848124318,2.1580610384415193,2.2235358897357296,2.663147047678328,2.6308491699688856,3.008089137857857,3.421335406006245,-15.77,-16.01,63095734448.01917
ZTF19abbwfgp,11.879158613939612,12.37406048910829,14.183661904470348,0.06019918315381888,0.07239197519747109,0.10052187341605687,5243.969572178323,7881.7178487146575,11216.396198494689,1.3437831947828853,2.9472454436720117,4.372465683505572,16.574501019762426,18.162031853816305,27.234045463881028,1.575457258309475,2.0107072011868126,3.1556608774677546,-18.16,-18.16,63095734448.01917
ZTF23aanymcl,10.983845356092154,11.629972267615939,12.437521556032744,0.01776766115120573,0.023087592565487192,0.033680182942991514,3166.183932385653,7569.182265512209,10811.152498427145,2.6672195150777394,3.438230377309921,3.8007738108217395,9.176803086779238,10.356635177788116,11.465346481931391,2.1424072463708916,2.913713356475922,3.1082343343082863,-17.24,-17.24,63095734448.01917
ZTF18aawpwlf,10.387893784236699,10.635823357369077,11.755115628989317,0.008047401122255682,0.012586278439724678,0.058668947060194765,5799.118301344564,11276.427809332921,12700.430754015473,2.4736948542401107,3.7951268424858715,4.1976224673422555,9.437489261612054,10.393809452328059,11.262492647867074,2.414146655915533,2.5815940912666773,2.856025090258578,-17.21,-17.63,63095734448.01917
ZTF18aatyqds,11.688450294320859,12.307370965147054,12.59298089500099,0.017488621402058216,0.022449001250838197,0.02982492053988587,5765.617914917777,10539.55450255484,11619.096470148492,2.186176671392136,2.751436327064498,3.2869071670508294,2.0444524735550735,2.819377344527789,7.062458577039417,2.120636042460838,2.343766034395551,2.7018974495044517,-17.15,-17.15,63095734448.01917
ZTF18aaxkqgy,10.411181592156373,12.060463446349132,12.662817946573286,0.020877384759705242,0.028160590931340712,0.03397540971172669,7784.201157109267,9698.34849958,11452.29832560903,2.9856650804963647,3.311919756318501,3.914086822841535,7.279138719692545,7.906626786840303,11.296109374536615,2.679215119661508,3.0163644206700284,3.1406320529485945,-17.14,-17.14,63095734448.01917
ZTF21acafqtj,12.017533160054784,12.627502376515926,13.879216736306413,0.025191815304507852,0.035160603961183916,0.04686957299732073,6823.834490220536,8693.22088590185,11084.18334144938,2.5562540284298487,4.300907211445776,4.5377645159736915,3.9356285127906463,7.248989132443858,7.509516925846914,2.525195028186609,2.8323232984944338,3.7949302685832125,-17.11,-17.11,63095734448.01917
ZTF20aaiovoy,9.399442403700418,10.454394520846007,16.293507723030892,0.04808186419082309,0.06925401271964386,0.08593690940471728,7388.763821892534,8914.017631544368,11303.828781517646,0.6606139264331203,1.0406052506664132,2.0233459899457236,7.10409710354167,7.64223188177071,10.573747983352215,3.3664463199318697,3.5624650800750284,3.795334441482248,-16.75,-16.75,63095734448.01917
ZTF21aafepon,10.422005033680273,10.995429352034247,11.562941657764497,0.02693161662515476,0.028941657467137144,0.03410016360205013,9530.086757579043,11004.5243773395,12610.19639614071,1.1630699337760233,2.1773094652034355,3.1133149042522286,3.325049130618602,3.6067969968411564,6.568186481158817,2.4000482112449646,2.784934295158955,3.2226433327959616,-16.18,-16.42,63095734448.01917
ZTF23abhzfww,11.474519081363315,11.964844678373135,12.752291655774734,0.08765862860712209,0.09739146215021999,0.11842407486453357,2949.1610805976075,6287.543344018423,9522.224841195146,2.9338201743885866,3.814287811492262,4.812645324926966,9.02338670462089,10.103084355597515,11.35410044204811,2.5930575287959097,3.7927917310106007,4.321468878948349,-17.62,-17.62,63095734448.01917
ZTF20abyzomt,11.216071717877382,12.077114943556312,12.448132412060414,0.049654903606313375,0.059985902066242276,0.06391680464706768,8015.585993320863,10095.906173432242,11070.551892114796,2.868374767275628,3.7686606333073014,4.208161009624915,13.41720773367555,14.919674594306729,15.841825494610376,2.6040838747980186,2.985707935649788,3.096988977786218,-17.69,-17.69,63095734448.01917
ZTF24aaucrua,9.278882198934422,9.862724998827568,10.262011404455817,0.0256493987088255,0.029553179155611987,0.044532697531921586,4139.068320298843,5268.233055792349,7178.018547250971,0.7225890991865572,1.008003506300229,1.2353181887161262,6.927274063184641,11.569182384722945,13.391807530010228,3.3896983226699917,3.7971762544935106,3.9053856210023836,-15.76,,
ZTF21aaobkmg,10.099334468501981,10.538818807082187,11.06524671746456,0.0017030517682874173,0.0036604591021182622,0.015572759979660808,8147.460065657719,10067.321981734842,10740.459400018373,1.059433852065846,1.7493915420569257,2.226651907701534,1.5607913236392386,1.6268045238640583,1.938119750612808,3.0030970995382793,3.322344216471262,3.601625983156335,-15.34,-15.4,58884365535.55884
ZTF21aagtqna,11.626301165084474,13.02279446139209,13.24601668785764,0.05032910532588474,0.05178112525776417,0.053384146284214534,7928.460392017921,9622.95151431099,10691.776751914138,2.4929738747099455,2.965316458176144,3.3882025815466057,5.297897322360867,5.972049042774033,7.704711325087483,2.6188045415993764,2.9734469575319182,3.3651240937151705,-16.84,-16.84,63095734448.01917
ZTF19aadnxnl,13.83228578228421,14.0453862821631,14.33014329359676,0.06720725788303858,0.06741206388593515,0.07103794053539769,6310.6633057068575,8362.429660303165,8560.332948464977,2.823151437291754,4.000678103454534,4.0073870332643615,2.939809159200916,3.712139921321164,5.53067595747851,3.1479990875119106,3.499849517610827,3.510875858052124,-16.87,-16.87,63095734448.01917
ZTF19aanrrqu,10.658059007947738,12.112655116621818,12.541579857856433,0.001090160419417272,0.002333455276463961,0.024993314268533007,4703.193549149771,7355.214724209811,9328.03508873583,1.050153815062687,2.081144430049457,3.036471107175533,8.40818078845356,9.97580565190231,11.77051434318604,2.3939470475349283,3.200220357144089,3.8962939696937,-18.02,-18.02,63095734448.01917
ZTF20aciojzg,9.904820087569576,10.42994568657,10.911794425165665,0.0029776612632858223,0.00831482297252054,0.0281040464027631,3417.273318839721,6295.5501786904215,11128.747676712208,0.8680268070234385,1.5212998370120143,3.1893947718351368,3.484586468084747,3.5279697989875967,3.582385887154667,3.268123168838532,3.592064623770246,4.442468398440204,-16.15,-16.15,63095734448.01917
ZTF22abssiet,9.395568039451156,10.528811214448904,11.156355773147071,0.008344010545697679,0.012166808803586438,0.026395498020603446,9507.289720694362,12319.96803286373,13791.90216246008,0.5923387911705807,0.753228478442601,1.5051886505551209,2.5065628636670776,2.8239221291172965,5.0690455685248175,2.9732493707397376,3.186048588245526,3.5528957875709923,-15.66,-15.9,63095734448.01917
ZTF18aaqfqaa,9.64916199659016,9.997563969417827,10.744685171634039,0.032659651064308536,0.033812953447927376,0.043251487592584376,6197.128056962182,8199.991001464385,8719.16670346498,1.8983605839375113,2.00443318508825,2.1764208604085282,43.14630901351184,43.96369584395716,47.0831123576986,3.748471635087589,4.394898586871122,4.524689323166415,-18.5,-18.5,63095734448.01917
ZTF19aakzash,12.310720044466052,12.708947881604903,14.60191770880641,0.0334054543934008,0.037377934769426295,0.05773270311912071,7823.392518804193,9082.846151773301,12060.578393790638,3.03321175022045,4.035256268633359,4.875648077234736,7.7875017132063515,10.399543970226997,11.466078242030862,2.9351399709011154,3.087306200932514,3.2235828298388487,,,
ZTF18acvgyst,11.524707384917567,12.245073953078055,12.650909065045816,0.05410380589204569,0.10526635368156358,0.13862352596886507,3067.0120262425976,11116.0375404675,13324.304969343259,2.2518097174534475,3.2089007408650616,4.698256556512087,17.302897484110915,17.775930247677998,19.45868185967952,1.9467521668661216,2.8418405416748644,3.1994852574535275,,,
ZTF19aailepg,12.015252724333555,12.551250912605443,12.982011472882247,0.10130707734777544,0.12030237235153143,0.13629902811991593,4823.8489954335,6178.716149936299,7244.117015288233,2.3870614333643005,3.024270690790333,3.6887932030113935,6.96674463876871,7.4155182245020965,11.206866308491707,2.690633815675169,3.009443705675929,3.3361054695664696,-17.11,-17.11,63095734448.01917
ZTF23abaxtlq,10.3033683415362,10.69986288681363,10.979965226806268,0.007590467907276111,0.008519556150471862,0.021543599734526086,8018.6752940440465,10689.768686075873,11735.213636771448,2.9864974247003504,3.251268221019296,3.909259564081569,3.589445033706007,3.6731571212384506,3.945997712761144,2.8076602244084388,3.021384460756834,3.19663650823722,-16.37,-16.37,63095734448.01917
ZTF18adbacau,12.546101832805817,14.419010215836543,16.071704900129628,0.06983099759608694,0.07272493679490084,0.11428049767466286,8394.98087282346,9967.447467699665,11526.14917600204,3.0390662332554363,3.4275336328940247,3.812985934906431,3.987674300205802,6.291304757416505,7.073227798431953,3.2574397239674537,3.8613554040089326,4.541464914091666,,,
ZTF19aauqwna,13.469259387158843,13.893793622173076,14.338066844473163,0.07131507826942803,0.07434210185679493,0.08677836149302132,5006.60981372637,7394.334535136886,9497.104159627972,3.0768290203756425,3.704336947202504,4.010124670379895,15.025180255177919,17.307180048441573,18.954808190530546,3.454589991391443,4.042635938167251,4.150174587406553,,,
ZTF21aapkcmr,11.525757603059398,11.937848571019206,13.532464960249708,0.001438667234762807,0.004553417779480208,0.022640486061225047,10530.079392264643,12122.832699715029,13157.553262882957,2.633835822414142,4.061375005471944,4.495753051354857,14.043876398307319,16.140580742579157,17.09462689534517,2.744527624047832,2.9929755548876864,3.0253544471142564,-17.55,-18.1,63095734448.01917
ZTF18aawgrxz,10.059192430186055,10.814026731680471,11.831499055321467,0.049461973910768404,0.05047947116345659,0.05995397879454401,1538.114843969917,4697.797162136797,11427.553831869182,1.1075457451531496,1.345284709871044,1.9067949265218689,10.376506126089284,11.017285137638156,15.376763134846165,3.5775948046273855,3.974370637472834,4.313141834329617,-16.49,-16.85,63095734448.01917
ZTF21acgrrnl,11.111596788644196,13.894095492201002,16.436530412171816,0.16519900979502058,0.22180387380883038,0.2799579286501279,3747.151432226537,8404.960421707738,12403.487452502903,1.4981182305294596,3.091956282840282,4.486620207955047,5.358162632575163,13.528452716368733,25.064223542331575,1.5248215424723488,2.93841903452552,4.39024028628414,-16.31,-16.31,63095734448.01917
ZTF22abkbjsb,10.657586358219296,10.953576391715822,11.95319323165167,0.018437206645772912,0.021286614849259408,0.028482604643333367,3889.0665938168186,7884.737571983176,10883.228116457676,1.1429068513591298,1.482515274435464,2.2252681991229486,2.7908072265175194,3.5889264971811903,5.527724921573253,1.9925182438127134,2.5515656879028015,2.7443670339866797,-16.3,-16.72,63095734448.01917
ZTF19aclobbu,10.39652998323691,11.554664070455342,12.33379445206848,0.10004441358675896,0.1470361876584464,0.14951662930246612,6495.762394727035,8143.089588627592,8927.288228787718,3.8898661944861015,4.745307001001445,4.891250837453709,9.12358216240854,9.963877317648837,11.928416739718404,1.9750183055627604,2.02582320299342,2.104798268738928,-17.63,-17.63,63095734448.01917
ZTF22aanrsaa,12.301138008897905,14.278765289263472,16.23056119459624,0.0992112231164775,0.1284986967789259,0.1439693876904617,4372.184788647042,7458.836733989111,11380.723456562042,2.2420896498975043,3.3594563761179783,4.352220012575668,12.194754702498335,12.588856118707392,15.235513094339693,1.9441882116282132,2.385075654970928,3.9585193657796682,,,
ZTF22aafsqud,10.591753505245306,11.932214078902094,12.365710178813886,0.001055633597453734,0.0049717776122256245,0.029527140681829628,4061.3765924147497,11087.213213812442,12368.16468843652,3.418382294946979,4.042128513350754,4.827307863978013,2.0252319392910563,3.574643295394643,6.707420640218606,1.9465483114983035,2.628188375071786,2.8012689365261263,-17.0,-17.0,63095734448.01917
ZTF19acbvisk,11.063707290730441,11.522560692067525,12.269683811351765,0.07001872196090751,0.07222862941513888,0.12207661294012963,7572.544892547889,8487.244477271053,11120.469092148458,1.9975965269689837,2.8055890998507853,3.2901546800015837,8.213630710772131,8.5716401021856,10.035033444841682,1.972772056119487,2.055738956337294,2.110453588611005,,,
ZTF19aamhmsx,10.448475494880272,11.876517300157317,12.990131731173491,0.09921311149206669,0.11993438374710254,0.15036130985725701,7124.986019269499,9438.989329881892,11362.499034410614,3.2061677682531196,3.707764032764899,4.356467280380043,17.341786719753745,17.810088004681372,20.380949596210385,1.9688826888075304,2.0972341898177738,2.236543521238234,,,
ZTF22abfavpu,11.415429997378691,14.349747094936546,15.53257728219313,0.03189140087758822,0.03362385055637192,0.035239593750590444,5869.172276866777,7054.875749621146,8340.015904293192,0.5979018310065412,1.0949365449908923,1.5840262536257945,9.374349508051433,10.605040009658273,11.6483575513848,2.5913960148690642,2.956607282030733,3.2117970179375903,-17.1,-17.1,63095734448.01917
ZTF21abfiuqf,9.331099807367,10.49857258160557,12.272823877760464,0.0014642697037756383,0.02083040456123529,0.03722932839840881,3515.5484901552977,6402.0818066642,12129.92621345922,0.9669974370557456,1.7286651641728583,2.368798306457825,6.5160029965301876,12.284090827306663,48.76809746274857,3.0378769011966513,3.690795228238305,4.344610184520032,-16.82,-17.18,63095734448.01917
ZTF24aarvbxj,10.329645462932994,11.726735326117554,12.324473947933223,0.02045657844350019,0.028823225653097074,0.05434398326830253,2677.869015222039,2910.230317107542,3626.7275414784353,1.1775043096094036,1.589498820221208,3.668386304395888,18.626146085279853,20.194959915655854,23.63026196189819,4.335656203005193,4.426525388337316,4.6402958696325225,-17.56,-17.56,63095734448.01917
ZTF20acoxefz,10.034864452446461,10.490961009393725,10.78184851832593,0.05258123505892893,0.05445294505534788,0.06800262586034113,6815.532037504371,7888.645114848622,10229.844053827981,2.709282294929877,3.7870667969530656,4.05573356064937,9.543220903631832,10.706143651519538,11.747251951856983,3.670063441363048,4.1051798795929155,4.172269472009279,,,
ZTF24aaemydm,9.711016283210112,10.168359839720708,10.894968912073558,0.039967823101774144,0.04902965696630013,0.05031692295373741,7480.399751940984,8074.041613797951,8935.414231862529,2.739116028283271,3.333062920177595,3.359339891582528,16.94383807148062,17.21563742673483,21.048143444339885,1.90788608982182,2.0804040139308824,2.2843114387519696,-18.01,-18.01,63095734448.01917
ZTF22abtspsw,9.555578395455369,11.396656617015886,12.796098758382467,0.022814857797303384,0.02482361469389109,0.02854043959031795,7188.904529945219,9273.740409583883,11368.19155086961,1.7395627139914072,2.3709435562196526,2.9553151815155796,11.660248338079894,14.2464837985635,16.84347773675087,3.440113090460219,3.838499835398849,4.2808418606764755,-17.09,-17.09,63095734448.01917
ZTF20acfvprb,11.427035788253352,12.115192440985998,12.406180115114482,0.047500055150151106,0.050857337687465295,0.06,5926.297009055776,10386.030223743948,12189.659107540265,0.9000397465204957,1.7577034322450054,2.486098226645603,7.510916651192909,7.8224877632594,10.319819808893536,2.463775922439161,2.735383713372137,3.0146620474103565,-15.82,-17.46,63095734448.01917
ZTF23aasbvab,10.936850351221008,11.80423948078493,12.448851670135415,0.02116181540591962,0.029940258372284066,0.06645511007474267,5106.735797646276,10287.827067593502,11851.038865716933,1.6292826313173332,2.5302035842784023,3.6424901064006194,2.43122251184093,3.5965605237507625,5.954034343672665,2.249644816086344,2.4406442943169204,2.729726337751734,-16.8,-16.8,63095734448.01917
ZTF22aaevwec,9.906132580246133,11.033330086781334,12.357127705785725,0.03542282128417283,0.04001905144001229,0.047148328006853424,2986.3495011083132,5306.75258432788,10438.941416842887,0.9208636107866408,1.18437787971532,2.3144948173677378,22.49977851296147,22.950344041117575,24.961847078042727,4.3337199332033105,4.4433696914701954,4.856512451260466,-17.43,-17.85,63095734448.01917
ZTF21acfajbc,9.935293402027279,10.771411613397568,11.25899684252184,0.060004717516285846,0.06756776702399353,0.08000892411212816,2876.591484582007,6609.847566050842,8961.481847484542,4.014318553085672,4.361793780769464,4.8918973879408565,23.31957922884791,25.177395299086992,26.62536135621012,3.9244723601162392,4.009097665552633,4.127166013857365,-18.21,-18.21,63095734448.01917
ZTF24aadkwni,9.871734212473632,10.31714251337981,11.912171851301538,0.040118014957992644,0.04582363963967087,0.0477873682040286,7857.897024674897,10613.132272974912,11523.7074637172,2.362542672971066,2.732680799940564,3.253544637639829,17.159438937056198,19.01607482559977,21.63363277486199,2.367348752877902,2.6940148776171666,2.795884142296101,-17.53,-17.95,63095734448.01917
ZTF21abouuat,15.34960011662628,16.651843164953974,17.37696608617177,0.07912296346906868,0.09935961836815056,0.11814315889743977,1699.6222483142176,9189.551025541223,12886.223006969127,3.5830551956040413,4.710872854686939,4.911091949478575,8.462675029337971,9.550990871434431,10.39402736725179,2.4907260770823423,2.788489179278351,3.222232479837699,-17.56,-17.56,63095734448.01917
ZTF18aahfqbc,10.674330993797534,12.048973811770605,12.242125498165601,0.14440015289684272,0.1522985137488584,0.15567932225779607,4915.074006874149,11041.567137260763,11311.321605845986,3.130420768805267,4.383281605329381,4.560407821877541,28.258065292223595,28.669340903946807,29.576980068773384,2.317541923289082,3.0017344717469037,3.0419073508478482,-15.47,-18.14,63095734448.01917
ZTF21abhhrpj,11.525867111031797,15.712253977783869,17.500526852878497,0.06815975037434863,0.07781501530515367,0.10977874771227823,7086.803548612248,11255.138856495425,12738.483227347888,1.963767695468999,2.4305184799169797,3.4276361584574424,8.508749280260652,12.218853924506188,20.451513688670772,2.4603963965918325,2.746329343742966,3.057372956238017,-17.88,-17.88,63095734448.01917
ZTF20actnuls,11.316100565677349,12.058852912602475,12.446792635368345,0.03540638457645908,0.03876103611637716,0.042835076215198165,6864.942626888296,8238.007422776062,9448.998736423715,1.4639991968483936,1.8344781627350697,2.373376498442676,14.540566569567206,15.47044272049549,16.423985710393673,1.8952943490129417,2.0505088868387897,2.441989141978841,-17.28,-17.77,63095734448.01917
ZTF22abnujbv,9.964532013749107,10.573272443136254,12.651432176840517,0.010623163866610255,0.01668377062036213,0.06259487304303821,2165.046042549257,3463.7150620550947,6010.686375170607,3.101621499977178,3.84986952845845,4.361354122009553,3.1676645119318607,3.4760461551610042,6.716606160327922,2.073184960729984,2.6358683767623106,3.86148860673816,-16.42,-16.42,63095734448.01917
ZTF23abbtkrv,15.061260109100827,15.790319017698836,16.223572839146076,0.05262196945817637,0.055783457962841516,0.07052623122167073,5773.690975707256,7521.249682728978,11040.07551371514,2.954512516758248,3.664885912660413,4.036277696229339,2.286022384988283,3.656993190648973,5.571361430681754,1.4906627291528884,1.94819915703762,2.121716446466856,-17.05,-17.05,63095734448.01917
ZTF19aanlekq,10.35413595066969,10.91629610116564,12.369589303410278,0.05180168322555685,0.060398127461063676,0.06812338379454627,7763.62825314595,10407.585132713004,12675.80320580559,2.1080523062705234,2.72687303340528,3.880787137365635,14.27234654525126,15.969973433878742,19.50073930806353,1.6318849940015334,1.9385420921525944,2.172244224769305,,,
ZTF19aaniore,11.58512096743218,12.187777349342237,14.056566993588792,0.07376285546373605,0.08668702260769762,0.11153756599897689,6261.235210284458,8337.595727552918,10744.891821060455,1.2876346006313162,2.821863456269171,4.77708467103107,7.681710051354679,9.318120616150996,11.112323770952584,2.6767960382254397,3.5288822743012838,3.93152218681007,-17.31,-17.31,63095734448.01917
ZTF22aasojye,12.960267823551861,13.1606977242103,13.977279144255185,0.04220354147362445,0.0512023443946013,0.05587755181184945,1646.3141657449196,6003.180094276112,8484.57587047162,3.583336987852301,4.231469135955619,4.759999634474222,2.2285181063347426,4.262823849072404,6.5309956295681175,2.453521730067225,2.823011411388355,3.18350408365428,-16.89,-16.89,63095734448.01917
ZTF20aafckit,9.5262483349109,10.237664641051488,11.502985640635364,0.05041877814177019,0.05210509355341995,0.07650507607026592,10587.020625991525,11409.103837919873,12641.881430064886,2.8967434235035947,3.3981666494306633,3.664678892429574,16.962498765251844,17.18221441402968,19.601970072440768,1.9627956130346973,2.0687939179530415,2.1643828987412883,-18.0,-18.0,63095734448.01917
ZTF21aaagypx,12.516840718967158,14.227753287650033,14.760414556861067,0.10249156420543323,0.12734602381991755,0.14897046610323358,8325.005952228312,11065.56682782069,12066.181909580728,2.82503373125157,3.019716129427956,3.411384014994354,6.553309633567231,6.920516997023357,10.061118879912177,2.136653547493591,2.17926036557628,2.629723863072879,-17.43,-17.43,63095734448.01917
ZTF19acbwejj,10.928930738895279,14.856147331425062,16.41987145746825,0.0668001789208104,0.10038341821297767,0.2175081536218634,3048.02241234727,7256.51973478716,11282.67956117685,2.0580076323783554,3.263203597666781,4.38256378625485,3.216027882467093,6.018154741760563,46.62906323196259,1.3066940317047095,2.4055451781460713,3.8499895176323875,-17.8,-17.8,63095734448.01917
ZTF23aackjhs,9.29332393224332,9.456762906065176,10.686792233713705,0.0013914203909939134,0.005495754385202503,0.011321913486119313,1991.4329396771225,2593.991248602718,4218.353363952794,0.7217966630397197,1.1555501236046295,1.9402637988318099,1.2200821525018977,1.300723337605504,1.6256236133886053,3.1285958379214853,3.655359391232595,4.270919299817268,-14.82,-15.0,44668359215.09635
ZTF21aaeqwov,9.803826127706056,10.397658708739968,12.091164364022319,0.03276621165427442,0.035027042537206274,0.04286510078977285,10701.335506354402,11967.046642674242,13086.170844205177,1.050113021273086,1.62108956100323,2.0811040086932735,5.799455074235978,7.318836048249469,10.749960965321705,3.4680499624451926,3.842985051283382,3.9837886974573826,-16.39,-16.39,63095734448.01917
ZTF19aanhhal,9.845043312651718,14.22310325234469,17.452480715475602,0.0371853538478418,0.11003878061606408,0.21817129773141647,9700.368387904467,11422.721163268616,13621.663332322301,0.7024708142507556,1.7525959042790837,4.313325022793775,6.3762470075734505,15.2670573024585,25.027772041257958,1.04703343301619,3.375817856662682,4.849553341900007,-17.23,-17.23,63095734448.01917
ZTF22aanrqje,9.103153690760386,9.408409412942945,10.45265652698201,0.012557531117107688,0.015999175847300602,0.024692640116962462,4781.858657984307,6237.36147333581,8196.462455091825,1.1603796909054018,2.0942016422216576,2.583363555583408,1.505975804188081,1.6920395748578811,3.254853157184345,2.4697684421166106,2.857533893073652,3.222820777874265,-14.27,-15.18,50582466200.31127
ZTF21aafkwtk,11.932221363602528,12.416459215778696,12.660535362882728,0.02979170991930326,0.032897552626221085,0.04184030590707661,5341.119509931723,7676.311361006848,8441.438167732143,3.117786575170765,3.5122278264946067,3.7458045277115177,6.98110651432092,7.383510892044378,7.559398174267515,2.339398068573533,2.6076835533540423,3.0158889965897404,-16.98,-16.98,63095734448.01917
ZTF24abmkros,9.409006464523232,10.817018274749305,11.491439548945925,0.0025289243653589403,0.0038513539297160555,0.022243292264421056,7370.4356532739075,9055.333112155071,12024.54260390191,2.4303855539273775,2.9809323656912796,3.6002052918765104,1.0080867484814033,1.0715248186823734,1.1766951405146457,3.3794867513831197,3.59955680153729,4.053977533094173,-14.87,,
ZTF22aaolwsd,11.091055185587221,11.7485953454721,12.717502789467648,0.10023997152639141,0.11486593544085218,0.12442088830385309,8624.407072013799,9751.284936742692,13114.414215376913,2.8455431744465227,3.3778802292746106,3.701922276402982,8.201516487785803,10.998846683433712,17.499279422032963,1.3639014868436385,1.502720747173919,2.432431328668062,-18.1,-18.1,63095734448.01917
ZTF24abtczty,10.33254000221892,10.705111046511078,11.228142297611988,0.002299205860885223,0.019661692635127122,0.034603891332440635,3182.7547631321586,3671.3133430302587,4291.378766619036,0.9677792698538606,1.1365302365411731,1.3348496100377476,1.0001994977246642,1.0345835023227867,1.4136393247282888,2.4056756007528284,2.7989808009510098,3.0170521258714325,-14.131803326809418,,
ZTF19abajxet,11.282575431448294,11.932151045912859,12.380423481952036,0.056380192227764456,0.06177613739798232,0.06492326697579603,2880.163279133382,5976.419824554322,9783.274271369197,1.8818653378438719,2.5165854636614764,3.6777003681598757,14.253074182806438,15.885794585708629,16.66238646711972,2.0177289755828087,3.9527805933599565,4.484434678793781,-17.77,-17.77,63095734448.01917
ZTF20acgrvkt,10.208015778410326,11.248031485750131,12.30899800507125,0.03690485404266003,0.04299755783878127,0.05329165906066155,5322.5844908619,9838.98378538625,10987.587320414315,2.6471511308935245,4.14307612282812,4.785034743811449,9.110617645877046,10.485475201528494,11.728000702197685,3.3112800143525747,3.6608524759168795,4.0580917142896356,,,
ZTF24aaplfjd,10.087752886083296,10.38618889642467,10.760186643296464,0.01999962740248566,0.02258654047613054,0.031149710931291538,4978.31422029138,7563.348689118617,10794.644293610594,1.3753530654174262,1.5572354066263743,1.8743111427393766,3.99322844397984,5.07976375313915,6.797918740037821,4.2736351815227085,4.45166245110846,4.601118668137157,-15.99,-16.0,63095734448.01917
ZTF20aamxuwl,10.671002420050751,11.420280969482736,12.565161411975783,0.0562429963370041,0.06186745726770333,0.07218282156837652,8601.374215516287,11057.596033899406,12257.950466825683,3.0031669265247602,3.965560788967752,4.661955318562323,22.332921732432883,22.75473641659371,25.180218199769502,2.751548991424937,3.036562744978601,3.133990151830038,,,
ZTF21aantsla,10.453719404454192,11.058368647521988,11.593208227191438,0.018358152815220977,0.02169548442400408,0.02494204935735688,6268.866708254821,8007.734775412474,10588.817140064972,1.8634063832577243,2.365734933386462,2.7291612048944587,3.3343678510642767,3.8807327205924276,6.367792354026651,2.907596175379724,3.5766747318581515,4.445678344132014,-16.44,-16.44,63095734448.01917
ZTF24aajxppf,10.637186976451638,10.964214995977647,12.504337661427662,0.035890172379032914,0.04074506786080936,0.05011740188956157,5911.806605342409,8523.790584996255,12416.705860952232,3.2507019867588003,3.9981526038399644,4.612828376730584,15.230267343368878,17.961577771723825,22.043561787910818,2.1978687622019657,2.7413439999110385,4.301184909031047,-18.01,-18.01,63095734448.01917
ZTF19acftfav,10.07153235428824,10.47345550057035,10.812482440395303,0.017470417115754863,0.023923822383456844,0.02978011549117681,6704.238928454325,10031.005198917617,12635.713455174435,2.082985791946796,3.816376154159146,4.547936817016823,3.9165351304488234,4.347670868132325,6.015985580735086,2.8455280405380714,3.3075187248735216,4.526426148375459,-16.51,-16.75,63095734448.01917
ZTF20actkmks,9.556503639062202,9.9783400892023,15.217748622746615,0.06887750544115556,0.08002355482725204,0.09588727922402887,7806.038699388928,11615.530097648041,12628.60410170471,0.6594594847419272,0.7495842222809764,1.936591182446916,10.201310024390176,12.810402218656964,17.110701682869042,2.998717585729175,3.0063333087915707,3.1718793581193365,-17.49,-17.61,63095734448.01917
ZTF20abekbzp,9.30575647830056,9.964270709555063,10.671192164966605,0.009192498470179071,0.010038032192810192,0.02107389218711185,10583.834016209836,12065.229301640247,13565.158274651563,3.865940191570965,4.397272941814804,4.588947052590752,13.623084908500749,15.135010566014753,16.76755319335957,3.2133501197131125,3.2527251498942875,3.2798200928686163,,,
ZTF21abnlhxs,13.484151767799434,14.426199605626973,16.07112295590415,0.04544022301300312,0.05752956859941825,0.15212207259650398,7493.437224300703,11688.791075447136,13101.731162110544,2.438806560966099,3.1209765824616342,3.810408545355515,8.621656860168022,10.563244718705498,15.727832984655809,1.2494404313325522,1.2949264069395916,3.1254678829288447,-17.85,-17.85,63095734448.01917
ZTF23aaphnyz,12.438213167363614,12.799414575372678,13.07755178498846,0.09970670810041152,0.10898720112362453,0.13357946780477753,5642.203719392492,11013.102191549486,12346.661756218551,3.003014829077349,4.3606441875856365,4.792614959234979,14.065942764757384,15.311985109885978,16.67508479411114,1.7002273835801955,2.2152737239960207,2.249654022503215,-18.07,-18.07,63095734448.01917
ZTF19actnwtn,11.599391063281873,12.046468110177111,12.555755799921833,0.08673409285564468,0.10719983215778306,0.12893021234475255,7009.888111196099,8896.214105253146,10760.958032692888,2.0706051725431935,3.224995281317363,4.3676192508077385,7.005688829949465,7.56497779557496,9.98075761088553,3.171421469661996,3.6031131528747697,4.019017112086119,-16.86,-17.59,63095734448.01917
ZTF18aadsuxd,9.918797029883795,12.029363411160512,12.64602411931413,0.02363764848265886,0.07987212873624472,0.12356550686757656,5555.670594896127,7674.96630909588,12113.385470286203,2.091059878987587,2.8131089014146986,4.470656178486348,33.68747074491711,43.28632646923406,49.04093140781329,1.632838517941664,3.4039299035933173,4.580877292169566,-18.86,-18.86,63095734448.01917
ZTF22aativsd,11.851684968037064,12.076215835486616,12.658949562521,0.07770966955343771,0.11804977366514809,0.13111501521770533,5433.769398242301,6406.424139627339,11257.515186224811,3.2150598389132745,4.667811098317454,4.98828406402286,14.645388145119448,20.404536378012313,20.936110334006305,1.8159638695795917,3.769934242464174,3.9995425957549076,-18.15,-18.15,63095734448.01917
ZTF23aaqknaw,13.125415759360365,13.687761368202393,14.593833471629456,0.0966492612801961,0.10493202282838505,0.15356052418731445,2237.7780564052377,5496.282641963024,9078.495261430842,1.705424913297259,2.750283016501004,3.348689164518754,8.400276678103637,9.097646016667332,30.0,2.4743247762017244,3.424091331012908,3.823716732803746,-16.64,-17.43,63095734448.01917
ZTF24aabsmvc,10.806615512955528,11.315144715359146,12.547247666183686,0.028043404085413656,0.029979951814801696,0.06099399147792946,5009.317446347366,6159.945327021298,7833.393835925302,2.2929281239973136,3.4225361176301186,3.835770601554026,2.7319175346257194,3.157371101175366,5.8550302558825535,2.687273593181043,3.0039447849485654,3.4996419398912906,-16.15,-16.15,63095734448.01917
ZTF22abvaetz,9.764098081076279,10.206032567864021,11.082193817488497,0.01561066291950624,0.024662471712125822,0.06465517111081685,4785.965606241178,5876.140122412748,8242.116472596788,2.4126152213475076,3.000984393358904,3.2011230337658922,1.6011859683381595,1.6544665738612594,3.7514241976356306,2.86739623556922,3.0735284682794863,3.603783405584871,-15.44,-15.44,60534087475.39111
ZTF22ablnrcv,9.101643955176549,9.275282866036184,10.461424536927138,0.009642165307098886,0.010000057867532787,0.01100892852341164,1491.8498274365518,1638.5714203735963,1867.7771263167233,0.5530031270622867,0.9126685775027092,1.1627849002232709,4.004847883090441,4.420413272827799,4.999694102884806,1.3201787546639363,1.3756042174908212,1.4149601258284639,-16.6,-17.15,63095734448.01917
ZTF21aardvtn,10.050075582677895,10.21545734409201,10.515487353312308,0.04593876331126316,0.0480693317659804,0.05876708756587002,9915.49385174282,11262.348775509732,12334.737127208447,1.1447675183585941,1.5452294944245413,1.8788180400379972,7.1296322223903,7.586591841613654,7.906058953134957,3.627344618880313,4.158762193258506,4.611668778807108,-16.42,-16.42,63095734448.01917
ZTF22aauurbv,9.973283611057173,10.366273955179208,10.692526374633607,0.04856877065945279,0.05323192446928291,0.06562007594946917,7720.85646913506,10680.484148649151,11725.028648015095,0.5936736887299565,1.0257299440944236,1.51893584039458,12.814478073296353,16.545492129511363,19.33545761251625,3.0063295798852785,3.3888986627255284,4.055915969361218,-17.73,-17.73,63095734448.01917
ZTF19aazyvub,11.10273838992854,11.609373241268187,12.124692274060708,0.038528839177943607,0.04064391165438254,0.04497051810805299,5620.85950939336,6483.429105523297,7644.788412042721,1.9444194416410243,2.0072394252681707,2.2539919672253315,9.60583745649452,10.563179121283408,11.37484941045376,3.4975924030698264,3.519200435547734,3.6286818355847617,-17.13,-17.13,63095734448.01917
ZTF24aaejecr,10.2687552613223,10.540325109948787,11.922771013477142,0.008792126429887916,0.012631587896347175,0.0308054674387657,8137.27542163916,10652.297992755415,11569.664918145518,1.1053682660350568,2.4540438296430174,3.1926161236165527,2.4427985031785355,4.271893722235688,5.830128714961624,2.9168906149096125,3.1291835638387226,3.60502575945783,-16.02,,
ZTF22aakdqqg,11.005278227006148,11.952850976265209,12.532323080389045,0.030703914465925294,0.03464090175091938,0.037585132584315395,6071.531974183122,8298.230242627213,9333.954589662568,1.0161005820700326,1.6971845409029176,2.379145016415328,12.309637984355001,12.38660991923905,16.089407313539066,3.4236333805488917,3.6954054856143976,4.3527727980162085,-17.82,-17.94,63095734448.01917
ZTF22aarycqo,11.505021554162573,13.175242663986667,15.133511895601153,0.16990883571723386,0.18747691695578958,0.2479190692500472,4086.602452805758,7659.951769231048,9824.3924217372,3.2764175307376595,4.595354277437348,4.90602668003622,37.88084254583886,44.26653984363649,47.41836923932364,1.739936646984954,2.0509512374417764,2.9336706624025277,-18.21,-19.3,63095734448.01917
ZTF23abascqa,9.384457018928101,10.279731942608745,11.426440635924779,0.0390594480027473,0.041185768108368805,0.048369015857964964,5727.370139347034,9810.808323810319,12983.443802121676,1.5270573939612586,2.062325133087406,3.777340449215967,24.109914727794735,27.406482635992358,27.784850172576924,3.8000750327683206,4.360820587040477,4.623414978434159,-17.96,-17.96,63095734448.01917
ZTF23aasrcyv,10.680124833411465,10.995430157239415,12.983222534808236,0.04117044997957344,0.05586504905665243,0.07011606578617131,2768.4926233996107,3703.7310294377216,4994.647445532385,1.9342732660981108,4.610454446376587,4.89280203548769,4.762417787298693,5.721746901983236,6.396072400877058,1.7385576215880894,2.2876326221761856,3.524307606042579,-16.78,-16.78,63095734448.01917
ZTF23aailjjs,11.428281822486587,11.812926593864901,12.35014582402593,0.05377763999612203,0.05480533693917395,0.05644433041921264,3561.458172691099,5565.8372681095225,7644.765722854905,0.820036924365279,3.2525865765565256,4.360992999347173,17.35984107283351,17.69086448689462,20.797484661363775,3.915643247834361,4.1247035306910105,4.7109660026037155,-17.91,-17.91,63095734448.01917
ZTF21aabygea,11.854929262461887,12.49534890889258,14.533584769875143,0.044546193821356814,0.05121615577234309,0.060902479813325056,6899.831346062796,10327.614491687806,11122.754363793307,2.702886139210397,3.9655746069318063,4.760145724586822,4.41714195666663,7.4041150613995095,7.567471116876748,2.36705571099406,2.5155396316986827,3.40330610403042,-17.28,-17.28,63095734448.01917
ZTF20acvjagm,12.326228092464516,12.725371760983139,13.046640720452345,0.0012811833232141768,0.011452909039901187,0.03595324926658729,8931.742531913094,11044.204827096193,12598.636873680061,2.7047170626778865,3.8640923963421314,4.2106107680565295,4.649402687354096,5.8711032735651525,8.362871379659085,2.4313412182322116,2.5396221618867267,2.760300926508092,-17.16,-17.16,63095734448.01917
ZTF19actnyae,9.465093074678029,10.503244917754815,11.441333571859186,0.02024200564561202,0.025134404609608973,0.033476911028716694,8117.960159108736,9554.031775583844,11385.371466866301,1.0735615050591016,2.200846961147393,2.77123302737046,7.447676087845146,9.783361951367759,13.513611681963809,3.7440359620848187,3.965624577655728,4.18547709010414,-16.88,-16.88,63095734448.01917
ZTF21ablvzhp,9.57738614592812,10.093450772122331,10.940101098065211,0.19521330044256607,0.22090306199442492,0.2339221822829983,2874.3700452259604,2874.8246483993903,4082.93226130249,3.7688548780528395,3.9453549180376584,4.086472112446206,24.080962421041598,24.680712016638452,25.624798802674064,1.9997479622255145,2.0109074051146134,2.557125859476887,-18.12,-18.12,63095734448.01917
ZTF21aavhnpk,9.061599054650477,9.591649482178193,11.750416551732279,0.010100832346854166,0.01848736243882565,0.019975498351998678,2125.80014115243,2419.9510572739073,2510.2511182147,0.6823094857778933,1.5096746533331813,1.8577864316393227,4.007006971399879,4.646136028454014,4.95296635084256,1.3204330511264013,1.376216291599147,1.432213272087716,-17.33,-17.33,63095734448.01917
ZTF22aaudjgc,10.307763794748029,10.445001001532338,11.725432975232973,0.089696693928485,0.11089846169924988,0.12132349244451063,3832.93563086437,5512.263432877247,8131.413475506689,0.8798571474509826,2.0899402533717026,3.6142565444371484,10.654678273356046,11.669363653140064,14.907174903054605,2.400921715759676,3.0044358584072053,4.012004822732309,-17.97,-18.09,63095734448.01917
ZTF22abfxkdm,10.22983804428413,10.61584137473258,11.086247884144186,0.019929602116266328,0.023699708681963434,0.028539657552668643,6986.588941461095,10240.918364965491,12053.846192666455,2.878376779765905,3.881191577812555,4.8045225966388765,4.1672836436682426,4.358427450824107,5.820174267081723,2.9714079980837003,3.2611463095403113,3.6573437005066856,-16.57,-16.57,63095734448.01917
ZTF22aavbfhz,10.145203871883709,10.636120701727991,12.302734921989542,0.01312706035917979,0.01797575355000693,0.02443399202259944,10337.727638823828,11786.687649972351,13173.783632019418,1.6583323598339108,2.956520801222343,4.031643637571706,4.246414000621634,5.433852703157468,6.322658272748354,2.685242583845983,2.749306491301643,3.1226647875321545,-16.6,-16.6,63095734448.01917
ZTF22aakdbia,9.75006605708722,9.919531022641678,10.04853053734031,0.0010139840410901145,0.015950696834180742,0.056329375277259494,7083.87048857372,10511.245072958985,12297.058411172184,1.4888871099752037,1.6224234961224735,2.023871115158189,1.303255744352035,1.403363257383573,1.496523124276048,3.319127128592764,3.5342087887612337,3.6923582196982636,-14.42,-15.09,47533522594.28068
ZTF22aazmrpx,10.57075315800141,10.938192336757574,11.579810428216275,0.0010054751418919904,0.0014918648805873522,0.021828984956542966,8321.855832309597,10753.543153294078,12306.825674526546,0.5673707449628078,0.7176545153739534,1.3164643942272134,1.9998496923576252,2.000265331556545,2.326013049122306,4.0044136854209205,4.366279601161358,4.526144714434393,-15.2,-15.2,51286138399.13659
ZTF20acfkzcg,10.778171159407107,11.40339899375435,12.31415171893529,0.06992327933346498,0.07037866123367377,0.07225825571545937,6951.60894259712,7783.6832058560985,8137.435220275097,1.0501250659720003,1.7443936886019973,2.0456554959693047,8.04553530332158,9.72927555771846,10.71014296525895,3.275183085909321,3.858550129965073,4.123662836046602,-16.81,-16.81,63095734448.01917
ZTF21abrluay,11.373569887308602,12.920387193267558,14.11786955038975,0.04068386382601146,0.04875679170315382,0.06212220024789906,4547.995974558817,6650.896297986137,8829.793413846843,1.687556952357544,2.091915785085683,3.6433022230992664,7.022009299358004,7.393878820817874,10.572205013768855,2.5511422340824894,3.002691718632387,3.4135342479523785,-17.01,-17.01,63095734448.01917
ZTF19acytcsg,14.097900647384929,15.040543449152121,15.385930970152167,0.11299457534075033,0.12602399651602178,0.13268341586066593,5536.935579476833,7272.868801223393,8687.45282299336,1.841634686644151,2.467533011962849,3.5,9.510524804674441,10.143571632496652,11.77831122109781,3.718416536236216,4.046255162377439,4.48584136339512,-17.6,-17.6,63095734448.01917
ZTF19abwztsb,10.236155456707356,10.717564137254293,11.760686767003122,0.023625227770029275,0.025613074411604105,0.04325551543010566,5879.840977319259,9018.61052683329,10040.6527572289,1.7469134943581865,1.9108941603600211,2.327487476618182,3.474660891409485,3.6696866964721995,4.210788936656673,2.5009971863668774,2.748166502453886,3.1846162265648132,-16.23,-16.23,63095734448.01917
ZTF22aaywnyg,9.77078121542964,10.85705778373684,11.557622091890051,0.01603845875256125,0.022524279963754678,0.023977745279317328,4512.460408243589,6589.5342747075965,8585.603988971687,1.6514505762044234,3.4083909045793206,3.918743912165982,1.3285525861772969,2.213899680014059,7.734309602618862,2.9329272840213387,3.3199179134416648,3.967091358144586,-15.42,-15.42,59703528658.38366
ZTF19abbnamr,12.905637925800306,14.156161044225133,14.370129590288556,0.07292255202714833,0.07378089308370456,0.09518462390353667,8183.8157755378525,10878.580909860837,12888.885303304673,0.5916914106554102,0.7338830126298294,2.197840966119125,10.079223421191186,10.747069132884006,11.544912815066525,3.7416730077798683,4.4806903333090915,4.6099732541428615,-17.4,-17.4,63095734448.01917
ZTF23abbsxzs,9.363307867348475,9.838735641256513,12.116297482846628,0.05046512072020463,0.05274482467624892,0.056124203691257764,3059.672718361995,6954.687616727156,9386.13158048664,2.5807178053916715,2.8560299010168135,3.313266075733289,7.52194757586199,7.703657670511503,11.709586373095853,2.6819588085627557,3.017089484742229,3.4225340560180144,-17.07,-18.34,63095734448.01917
ZTF22abzqwmp,11.243716593656485,11.946877169073609,12.363757136688745,0.009217436797158278,0.010722672774011023,0.029143904508358687,8681.384746516933,10297.78177660737,12430.36165847177,1.2986994955932036,2.1284293582214246,3.2186318787553674,4.229320422895627,5.6040973086128725,6.508624620667229,3.433067799300961,3.8870294869061133,4.244707588108431,-16.84,-16.84,63095734448.01917
ZTF20acitoie,10.563418925350975,10.74170848318249,12.50678960919467,0.04685953434087676,0.06023677043471024,0.06414816519262544,5453.506624551557,7481.430567625786,8203.59893374005,1.9591233691969587,2.8409525060513556,3.7551610674359512,7.46739031469039,7.714518327721671,10.954039370672493,3.157964484633098,3.58771854676257,3.761010530298056,-16.9,-16.9,63095734448.01917
ZTF19aapafit,13.815572077843186,14.949855652955339,15.953465480013397,0.05332329489300627,0.06130581700767538,0.07869306758857064,7648.98468729175,10248.525071858996,11124.553323419128,2.8599514924944063,3.0438232212566323,3.8762742500126306,5.206530656194455,6.8151467178149465,7.354621978930685,2.384572692898615,2.582879063911267,3.1134186337147556,-17.05,-17.05,63095734448.01917
ZTF20acbjgoa,9.879427614707664,10.479754779580208,11.152310802903528,0.022504703142772173,0.027108324161229564,0.038114433120032064,5070.083802703605,6726.643197407035,8216.430462029863,2.407281869714764,3.1005716483372736,4.1076643442642595,2.7099702342259917,3.1735295084690893,12.657239207933818,2.670320414500796,3.146124720059162,3.700578002739459,-16.07,-16.07,63095734448.01917
ZTF21abvcxel,9.302402043005667,9.56083152134681,10.438234226939032,0.001046770132702196,0.006952702958180769,0.0370708543583966,7212.713473440543,8869.785693542828,12066.882039185815,0.5660243884904348,0.9370083273400795,3.062773481179523,5.184526442522557,6.484693614896611,7.732724549873604,2.9145002375092366,3.1721848070346583,3.6715700058199343,-16.36,-16.36,63095734448.01917
ZTF20aapchqy,9.788267748358724,9.895446620543067,9.947572908487274,0.0010082455565469084,0.0013868883043119862,0.0038411645742280954,2986.210726174386,4805.266282498497,9730.48555552104,1.451304918574028,1.7687616143308853,2.8873529385997534,1.0056682711793055,1.0372763057286987,1.0995875232636847,3.198059643500745,3.4057982262878994,3.8460913895066704,-14.23,-14.23,26242185433.844444
ZTF18aaszvfn,11.333262414456788,12.270489430682618,12.58224986450314,0.01979864805875264,0.020158128080763976,0.029899705865889657,8624.407072013799,11058.326716977394,12298.789696548225,3.160245946080258,3.9413627521525645,4.081703989654387,3.2511551051671024,5.0586870196161025,6.51934694761106,2.688595644603546,2.9080077537381155,2.9890608967254004,-16.77,-16.77,63095734448.01917
ZTF20acuhren,9.528107935660582,10.27609747324263,11.47704425109512,0.011704783655195077,0.013444586068275649,0.034776255863526846,3357.7893703903515,5597.315169632554,7954.00569129396,1.2022790774910468,3.5562967815969344,4.386342645063292,1.2252146163493014,1.3049067713212343,29.910340138408696,2.932800199443745,3.818609607321391,4.280361994029626,-15.33,-15.33,56104797603.24689
ZTF19aakiyfn,10.437685121443508,11.538369233500044,12.473544270228343,0.056134806759120186,0.06295210288180243,0.07233858655710759,7047.587368467305,7954.049174732689,9016.586972764859,2.0674794924651088,2.9869499595820965,3.867289311270476,7.7056372855080575,8.232450928529213,11.29242882524894,2.6523071241502008,3.1268751587534998,3.626670548592754,,,
ZTF23abnogui,10.278662740219557,10.753578630284757,12.32340442989195,0.013191600094793143,0.014172132748851356,0.023628856466744803,3554.4469781387543,4818.923324176848,6495.29672749192,2.5732222537759637,3.2321932488745113,3.684244982628474,2.0204573914339714,2.291061973150211,5.414718077466745,2.9446961554764046,3.1695688008480434,3.6949104537988613,-15.58,-15.58,63095734448.01917
ZTF22abyivoq,10.715584587648616,10.971846844559458,11.21172658006963,0.009191853690761663,0.010385823831377544,0.039563252899879484,4599.433327329106,7537.389917113036,10676.479396363653,1.8522176275572393,2.583358931091973,3.4498026752346553,2.503585552517368,2.634754649691883,3.293709469576949,2.732637327600987,2.927073986413523,3.1706921393430374,-15.81,-15.83,63095734448.01917
ZTF18aaikcbb,10.120378814434194,10.556292796276505,12.436244387804772,0.09907955822324109,0.11048394467139977,0.12459733640142522,4900.228358685532,7459.613710906076,9484.405914927915,3.1531215394694305,3.9848836296620607,4.342541348768082,6.999645277246445,7.364386854931042,7.49726069809363,2.934350446039212,3.275766177532357,3.5125676318828085,,,
ZTF22abhsxph,11.32963792396028,12.201340410852056,13.150114154505518,0.02699366883860128,0.03940577520741303,0.04733268455344174,7074.028059661271,10561.872314733275,11970.912156140741,1.9174266271019547,4.085539151807279,4.855048816736245,4.253605528124044,6.925798762053214,7.2503817447885295,2.2625560241050784,3.0089194758419717,3.1611366836677135,-17.01,-17.01,63095734448.01917
ZTF20aazpphd,10.01053857397395,11.130958468696752,12.168004940292656,0.07309234989544036,0.07837193122416387,0.0824602099806147,7697.468060931512,10142.380748824513,11582.152723690293,3.699987927166894,4.7683715279462096,4.924708989375582,17.6968157443983,18.51012676582528,20.900524622845207,3.008054567615437,3.450891128165987,3.588451279761841,,,
